subject,session,run,anode_mni,cathode1_mni,cathode2_mni,cathode3_mni
sub-015,ses-4,run-01,[ 62.45807333 -78.70866856  19.23089319],[ 73.74264982 -58.12411367 -25.22192636],[ 74.76760455 -56.94010332   3.77684037],[ 77.3542523  -31.77400077  16.07129767]
sub-015,ses-4,run-02,[ 62.66004493 -78.95893767  19.3167154 ],[ 74.11105267 -58.66667002 -24.79001557],[ 74.98627826 -57.05931234   4.14912706],[ 77.07454713 -32.22335112  16.550334  ]
sub-015,ses-2,run-01,[ 67.81879078 -71.05110898 -21.96655738],[ 69.27287391 -62.97122959  26.27702212],[ 75.25942375 -55.0434334   -0.6393406 ],[ 79.7879157  -26.52797194  -6.07682686]
sub-015,ses-2,run-02,[ 67.84051749 -71.7168058  -21.86191585],[ 69.79775438 -64.05278391  26.72256988],[ 75.41598717 -55.80927683  -0.27017566],[ 79.64894487 -27.30276281  -5.90251177]
sub-015,ses-1,run-01,[ 66.94722492 -68.17275427  29.03659595],[ 73.86821062 -59.66723789 -21.57696763],[ 76.39765431 -50.26110688   7.09584331],[ 78.7209996  -22.49316176  12.48395175]
sub-015,ses-1,run-02,[ 67.23822915 -69.91359518  29.00929305],[ 73.63330397 -60.34437807 -21.23962891],[ 76.3591551  -51.25999399   7.23386535],[ 78.41249555 -23.69348223  13.13468497]
sub-015,ses-3,run-01,[ 64.03181393 -75.9684256   21.71434708],[ 75.35720971 -54.21137709 -22.50648583],[ 75.2128531  -53.25180214   7.01676685],[ 77.17405653 -27.65754696  19.98922505]
sub-024,ses-4,run-01,[-64.4933077  -45.822149    75.31558876],[-61.79256414 -79.31429924  18.53033944],[-60.03018166 -78.52220058  57.90443878],[-32.93229015 -95.30508373  72.33785026]
sub-024,ses-4,run-02,[-64.58916252 -48.13408035  76.36380104],[-61.97202991 -80.30691996  17.61781176],[-60.3234329  -80.50478987  58.30043167],[-33.21886131 -97.20700671  72.5454385 ]
sub-024,ses-2,run-01,[-69.46161093 -14.87865562  54.10261205],[-69.80617914 -54.82756249  47.35369398],[-66.08433102 -64.8641746    9.52355607],[-53.85197621 -73.79712973  74.18879871]
sub-024,ses-2,run-02,[-69.55931561 -15.82365447  54.40992575],[-69.68847895 -55.79888424  47.82530123],[-66.22700062 -65.60413368  10.12090767],[-54.22891764 -74.79747468  74.55381277]
sub-024,ses-1,run-01,[-71.48816834 -22.91380469  52.78172929],[-68.29201419 -61.31589068  46.8965416 ],[-65.06065059 -69.6762386   10.20885717],[-50.71334292 -79.29899439  72.99524733]
sub-024,ses-1,run-02,[-70.33736346 -23.5585432   53.95184096],[-67.7741761  -62.12194828  47.52999084],[-64.60497329 -70.74558047  10.36135189],[-51.01971279 -80.47724142  73.29859478]
sub-024,ses-3,run-01,[-70.8509837  -49.38618666  55.69409787],[-68.46057568 -11.32975344  63.15820916],[-67.92690069 -60.97276924  18.27493472],[-52.27094907 -70.07959942  80.59734088]
sub-024,ses-3,run-02,[-69.88879708 -53.17281952  56.35413748],[-67.97464407 -14.50871747  65.04025396],[-67.57021925 -62.68228412  18.5399166 ],[-51.46792536 -74.27107389  80.58733988]
sub-009,ses-1,run-01,[-70.47745209 -45.31602037  37.9003189 ],[-64.87036802 -63.19925425   3.05419901],[-68.09255219  -6.99583957  40.17430861],[-55.37563696 -61.85746178  66.82171703]
sub-009,ses-1,run-02,[-70.33795239 -46.06461943  38.11310903],[-64.70880004 -63.23185141   3.19324065],[-67.92269827  -7.67053364  41.36765735],[-55.08678659 -62.75460529  66.70172145]
sub-022,ses-4,run-01,[ 70.06684442 -67.95644012 -22.30937323],[ 73.56576838 -70.9658244   24.65871273],[ 79.22692568 -55.54486861   0.70843283],[ 81.47464425 -28.87092226   6.88114177]
sub-022,ses-4,run-02,[ 70.79915474 -69.58878531 -22.62573084],[ 74.15554869 -72.1478913   24.61453029],[ 79.74905607 -56.84651949   0.77818869],[ 81.53775439 -29.83908036   5.97823062]
sub-022,ses-2,run-01,[ 68.45709009 -80.56384172  26.0586459 ],[ 72.42254863 -64.40823816 -22.76623589],[ 77.03746541 -61.02598416   7.10287931],[ 82.10145353 -35.40048092  15.52955697]
sub-022,ses-2,run-02,[ 68.98937771 -81.77186825  26.193018  ],[ 73.18528022 -65.35187504 -22.56679211],[ 77.67895661 -62.50333421   7.3219338 ],[ 82.56710709 -36.90900695  15.72469239]
sub-022,ses-1,run-01,[ 68.69016086 -79.90635494  23.37162668],[ 75.64613009 -56.04261167 -23.1504416 ],[ 78.38412217 -57.23642955   7.26193222],[ 81.84574893 -32.12856679  20.2640841 ]
sub-022,ses-1,run-02,[ 68.7597807  -80.89717842  23.62849898],[ 75.7159616  -56.33465717 -22.6490313 ],[ 78.4611916  -57.9973602    7.63006078],[ 81.70513325 -32.9024417   20.6282541 ]
sub-058,ses-4,run-01,[31.89269042 63.53694729 60.29822576],[37.23327375  1.55339107 82.67471523],[51.70036278 30.38348985 60.50086419],[67.16067577 20.70324463 28.02633695]
sub-058,ses-4,run-02,[31.44008628 62.80134574 62.47355094],[3.77572243e+01 7.99142604e-02 8.33074145e+01],[52.12877857 29.25791933 61.37347853],[67.02833661 20.06757618 28.72089528]
sub-058,ses-2,run-01,[28.67311612 59.61540428 66.88570804],[40.81786225 -3.15815815 81.1096523 ],[50.57761098 28.81125533 62.54697132],[66.36503251 24.87700261 28.48911857]
sub-058,ses-2,run-02,[29.63397322 57.61871869 69.00105332],[41.80622199 -5.07620905 81.86080713],[51.60511887 27.13384756 63.98484994],[66.79329544 23.61766737 29.51377784]
sub-058,ses-1,run-01,[23.99653022 60.18633557 69.17871466],[31.12059851 -2.99732887 86.59020874],[45.03906962 27.8641755  68.90897033],[64.79090678 22.52354209 38.34763576]
sub-058,ses-1,run-02,[24.46349289 58.66704751 70.5531322 ],[31.58186038 -4.48790294 87.62559784],[45.45034715 26.60593622 69.91852062],[65.07249997 21.60534689 38.71607327]
sub-058,ses-3,run-01,[22.01741597 68.73701033 61.96028022],[33.65624061 12.00382035 83.87096644],[46.09330814 41.0849052  63.92023908],[64.0109695  32.68682693 31.06592447]
sub-058,ses-3,run-02,[22.66544613 67.35024048 63.54868321],[34.13289145 10.74423699 85.29425566],[46.52194923 40.07135309 65.2499607 ],[63.98429228 32.17852527 32.08815813]
sub-011,ses-4,run-01,[12.32362986 57.05336139 61.07469187],[ 3.42250991e+01 -1.94375450e-02  8.51062895e+01],[40.83926409 33.534461   64.68552274],[61.60497042 29.0483314  34.56077253]
sub-011,ses-4,run-02,[11.57690506 56.09635117 60.91497789],[34.19313186 -0.60637117 85.87178413],[39.98019566 32.75882843 64.68609259],[61.1269909  28.26821781 34.38793564]
sub-011,ses-2,run-01,[26.10536572 52.19281535 59.44576847],[43.49865474 -6.27422858 79.08460191],[51.05840501 25.74541952 58.41794333],[67.23462173 20.82624224 23.26287313]
sub-011,ses-2,run-02,[25.38885311 52.44573056 56.05803505],[42.50443786 -5.69293263 77.10438133],[50.43870111 25.80288878 55.81248707],[67.34046978 20.52812356 21.01150125]
sub-011,ses-1,run-01,[23.48902474 57.56351938 56.43030876],[41.06505368  1.71291885 79.18173577],[49.15178128 30.05861355 58.4272201 ],[65.41511241 25.82035077 25.9338033 ]
sub-011,ses-1,run-02,[23.17781758 56.18632606 55.78921435],[41.49909245  0.23888032 77.85248885],[48.72081817 29.19030664 57.36599658],[65.32878807 24.08676111 24.47842478]
sub-011,ses-3,run-01,[25.91987026 57.20593188 54.25403052],[50.61144235 -0.63424311 70.55936815],[52.97508878 32.4517545  50.72507514],[65.98420477 27.61516619 15.94702314]
sub-011,ses-3,run-02,[25.67657314 56.0114406  55.34101987],[50.53438822 -1.28286177 70.58755698],[52.80661967 31.7998474  51.16148854],[65.68007366 27.49709349 15.77458692]
sub-037,ses-4,run-01,[33.67371687 56.16083601 76.55500547],[56.64176267 -3.43909172 82.80486503],[60.61028908 33.29231031 69.45793091],[76.43071632 37.34787686 34.22655181]
sub-037,ses-4,run-02,[34.47836225 54.27646123 79.48545868],[57.28661391 -5.07782093 84.98786794],[61.24060728 31.84679466 71.84237987],[76.73157738 36.21212416 36.27461551]
sub-037,ses-2,run-01,[37.5062335  62.91498724 67.87548994],[60.13663044  2.33030703 79.08430618],[64.38087618 36.73115255 61.79897905],[77.67625328 34.26318878 27.07823784]
sub-037,ses-2,run-02,[37.62869184 61.84416947 69.08147769],[60.57609953  1.44183748 79.43247927],[64.58698332 35.90964703 62.53992597],[77.54293158 33.68672992 27.91036003]
sub-037,ses-1,run-01,[44.01547391 59.09673676 66.92682967],[61.91443545 -2.20552638 78.27924268],[68.95506781 30.64194157 61.56211398],[82.03224226 29.22479621 25.86609037]
sub-037,ses-1,run-02,[45.62617484 56.48000012 70.09410923],[63.4148663  -5.01838661 79.83916552],[70.34910019 27.90520977 63.9148551 ],[82.9361525  26.923046   28.73393195]
sub-037,ses-3,run-01,[35.29478945 67.14333576 65.59043654],[58.89805647  8.46824851 78.56804861],[63.63108616 42.09785172 59.7129981 ],[75.39661903 40.32416057 24.29485456]
sub-037,ses-3,run-02,[34.58810662 66.64937077 65.4077948 ],[57.86029716  8.4664995  78.6701049 ],[63.25632612 41.96678884 59.54009396],[75.54779856 40.57744211 23.7891789 ]
sub-046,ses-4,run-01,[39.86963755 40.68712304 69.24547637],[ 55.18179218 -22.49186409  74.93804862],[61.89421682 12.07737353 57.33317376],[69.74355546  8.23663998 21.03769595]
sub-046,ses-4,run-02,[40.03152514 39.59523146 70.44238405],[ 55.43982822 -23.14553971  75.99826995],[62.10175282 11.2055779  58.19230006],[69.58545481  7.40760324 22.04342901]
sub-046,ses-2,run-01,[43.40252064 47.8390977  58.79106146],[ 63.01328049 -15.22757841  62.11887282],[65.02224836 19.08297143 43.39980236],[72.82761042  1.07255221  6.7674491 ]
sub-046,ses-2,run-02,[41.92003113 47.11860414 58.08606324],[ 63.56571589 -15.77629938  60.19315005],[63.81586647 18.7736869  41.72018793],[71.05021138  1.7807839   5.59550279]
sub-046,ses-3,run-01,[40.06889768 40.34056718 69.74622834],[ 57.1370101  -21.66550403  73.02340766],[62.08751554 14.23168188 56.59322388],[68.9412963  11.85379399 17.7277539 ]
sub-046,ses-3,run-02,[41.46931271 38.41546479 70.85382033],[ 58.03419848 -23.35978692  73.06923031],[63.0745667  12.62690077 56.86815613],[68.77051423 11.46327493 17.95564407]
sub-007,ses-4,run-01,[-62.55556673 -36.16855301  57.21784007],[-62.97793255 -56.49865013  25.47659433],[-61.62055123   3.310047    54.72834754],[-40.25590895 -49.6187126   82.35338033]
sub-007,ses-4,run-02,[-62.80336157 -36.82013591  57.96288023],[-63.05430631 -56.77136344  26.01834347],[-61.61099603   2.87282228  56.47549186],[-40.38498426 -50.79510195  82.76797737]
sub-007,ses-2,run-01,[-62.96853008 -41.61136787  52.44092334],[-63.00639616  -1.82102962  51.83481882],[-62.18450512 -59.17655621  18.99804152],[-42.56801475 -58.38451916  77.8404045 ]
sub-007,ses-2,run-02,[-63.02575721 -42.37878214  53.10127596],[-62.84643636  -2.48599098  52.78168931],[-62.09724209 -59.89889355  19.04578642],[-43.19580719 -59.54497123  78.47350926]
sub-007,ses-1,run-01,[-64.24510385 -51.85144661  34.23850442],[-60.74022725 -32.61456386  61.8953535 ],[-61.5164856    0.93549746  54.96258226],[-41.30448474 -42.90382273  86.1041936 ]
sub-007,ses-1,run-02,[-64.33612804 -52.47404199  34.58370797],[-60.95915251 -33.27440083  62.54970139],[-61.71174857  -0.20014117  55.60206258],[-41.28483294 -43.22007796  86.98002186]
sub-007,ses-3,run-01,[-66.00240418 -55.25789814  27.32532271],[-62.75239476 -44.79229557  62.52545551],[-64.36573758 -43.43224446  53.49067208],[-64.44598842  -0.15748     53.8182293 ]
sub-014,ses-4,run-01,[-77.10939026 -16.67325942  46.64379618],[-75.64465084 -56.60296796  42.98296215],[-72.64197592 -70.33535103   7.18431819],[-55.14053236 -70.33922017  68.68531819]
sub-014,ses-4,run-02,[-76.63606633 -16.96090624  46.58024272],[-75.52074193 -57.02589013  43.01631546],[-73.11071138 -70.91779539   6.86371009],[-55.47158834 -70.48195063  68.30743967]
sub-014,ses-2,run-01,[-78.93588776 -23.20765343  43.20900997],[-76.64960621 -57.54251753  36.46236801],[-74.74967273 -65.11682429   3.80366195],[-60.92683908 -74.1761778   57.70165751]
sub-014,ses-2,run-02,[-78.82306973 -23.69831356  43.48378638],[-76.61121187 -58.20644336  36.96989439],[-74.54940227 -65.92181689   4.12746575],[-61.09943684 -74.67813935  58.39217908]
sub-014,ses-3,run-01,[-79.3194281  -13.90053387  35.81723473],[-73.37186423 -68.22451069  -2.29352831],[-77.0013782  -55.22499757  33.62897931],[-59.30683803 -71.78663897  62.18428864]
sub-014,ses-3,run-02,[-78.39703264 -14.4218477   36.01624115],[-73.10701009 -68.62310437  -2.03353912],[-76.53067236 -55.62835818  34.03080465],[-58.93829732 -72.15461365  62.26561709]
sub-060,ses-4,run-01,[27.23422534 46.33828149 76.36955915],[48.94009099 -9.74151985 82.64286928],[54.65229785 24.53008186 66.72767597],[69.16201359 26.40902457 30.42551018]
sub-060,ses-4,run-02,[26.66517658 44.70502592 77.33255751],[ 49.04913133 -11.12414629  82.92189999],[54.88535385 23.17312284 67.26683993],[69.65364081 25.12362082 30.79337992]
sub-060,ses-2,run-01,[32.98707169 52.08134678 70.54451194],[ 52.6132887  -10.89982187  77.63995434],[58.1872767  25.27884157 62.07316451],[71.48230284 26.70811564 26.39366859]
sub-060,ses-2,run-02,[34.1475747  50.6158295  72.79182433],[ 54.48192385 -12.50642844  78.95910668],[59.01716685 23.68732601 64.33315732],[71.9359173  26.16119247 28.08149922]
sub-060,ses-1,run-01,[29.60097887 54.65770169 67.64918361],[51.83207414 -5.47462742 77.13392901],[56.22265911 29.08026214 60.1936394 ],[68.96979313 29.44230401 24.89996875]
sub-060,ses-1,run-02,[29.35853737 54.43430434 68.66199765],[52.1610938  -5.74724313 78.40088479],[56.16102809 28.98016246 61.05328779],[68.64159192 29.27287614 25.75969465]
sub-060,ses-3,run-01,[27.75098022 59.71988293 65.55696189],[48.61895067 -1.25988351 80.03511766],[53.22026804 33.55362041 62.20863652],[68.21090298 31.87127736 26.69575877]
sub-060,ses-3,run-02,[27.49349876 57.45390672 67.11498139],[48.51479173 -3.41061749 80.70122367],[53.26093677 31.3124219  63.32267018],[68.3309239  29.93074495 28.11069924]
sub-034,ses-4,run-01,[ 8.81861054 64.92433861 66.07740226],[35.17968281 14.1659022  92.31286104],[38.88838728 45.90858655 69.81124046],[60.14823141 43.85376058 36.65658246]
sub-034,ses-4,run-02,[ 8.75675044 63.58917647 66.92331521],[35.72717057 13.14151857 92.62931785],[38.96883639 44.90397039 70.46221337],[60.23907983 42.93414319 37.3179399 ]
sub-034,ses-2,run-01,[13.0098771  65.83885902 62.4743794 ],[41.73602796 16.35824509 86.88141067],[44.29506738 46.43862105 64.00934187],[62.3185007  41.1901106  30.92632771]
sub-034,ses-2,run-02,[12.62195364 64.67573228 62.76190541],[41.34639765 15.3734654  87.06963666],[43.93664586 45.32575586 64.50181916],[62.11654976 40.28418142 31.30083059]
sub-034,ses-1,run-01,[12.36965394 66.70631425 61.65720386],[34.17877148 14.15326437 88.63810455],[40.66232504 46.19582684 67.48624308],[61.9192717  40.63704678 37.17768543]
sub-034,ses-1,run-02,[ 9.76676704 64.33272237 63.20355976],[31.98667381 11.60185687 89.3347636 ],[37.91789934 44.29310979 68.9376555 ],[59.66457132 39.31568989 38.73648033]
sub-034,ses-3,run-01,[19.53568516 64.28335313 62.76589526],[41.36432702  8.9531353  85.22626571],[47.83647986 41.06258667 63.87425472],[65.07576327 34.85068071 30.69724658]
sub-034,ses-3,run-02,[19.00829411 62.9663101  63.86142604],[40.67168435  7.278063   85.52516045],[47.38156604 39.80092726 64.72328319],[64.98344539 33.97995319 31.64065046]
sub-005,ses-4,run-01,[29.02641913 33.68159164 76.64587512],[ 47.54976755 -29.43597575  81.28948364],[55.5989527   7.5126781  67.65521468],[69.30240687 10.2643983  34.0262562 ]
sub-005,ses-4,run-02,[29.36080467 31.0710031  79.84189942],[ 48.10520847 -31.69163565  83.06456995],[56.02298894  5.63443713 70.06643132],[69.42414438  9.00802093 36.38578234]
sub-005,ses-2,run-01,[28.82017938 43.01780993 68.27015769],[ 44.13341194 -16.22448105  83.95307231],[54.08004681 14.75404741 65.84951323],[69.15709262 11.02663723 31.93537436]
sub-005,ses-2,run-02,[29.04962599 42.46071171 68.85011219],[ 44.41476468 -16.83531071  84.77676139],[54.47438488 14.02994966 66.66340771],[69.6600405  10.57806154 32.28240377]
sub-005,ses-1,run-01,[23.83011249 40.30975329 73.27157694],[ 52.27885884 -33.39755416  76.41854155],[58.4035069  13.02306302 61.17739075],[69.52260621 19.77502647 18.14634741]
sub-005,ses-1,run-02,[22.9350219  40.1416683  72.78033275],[ 51.47685314 -33.36089569  76.5649103 ],[57.84167417 13.0541423  60.947871  ],[68.98138699 19.61465287 17.85407365]
sub-005,ses-3,run-01,[38.91296273 37.65320402 67.05184867],[ 53.31534316 -27.39576859  75.09567141],[61.72320248  5.86933077 59.77982591],[72.79093324  3.93915572 22.90927772]
sub-005,ses-3,run-02,[37.94888975 36.10556439 68.90828734],[ 52.39927974 -28.01324897  76.33285661],[60.82460249  5.16879072 61.07796076],[71.83747095  4.1805829  23.07267675]
sub-048,ses-4,run-01,[-70.57351507 -63.5589842    6.28204804],[-72.51277161 -55.51616108  42.12407848],[-72.42967697 -17.27581953  51.78903325],[-53.88905479 -77.83078841  65.49936583]
sub-048,ses-4,run-02,[-70.43235267 -64.39958979   6.12796327],[-72.27851829 -56.22695647  42.68745283],[-71.96609967 -17.95980275  52.22311593],[-54.06533672 -79.07092108  65.36733311]
sub-048,ses-2,run-01,[-71.73017415 -61.11142532  10.37507088],[-71.86320179 -52.70868097  46.34947519],[-69.55003356 -12.49572069  56.81653254],[-53.61190006 -74.92432892  67.54178396]
sub-048,ses-2,run-02,[-71.65522042 -61.49721096   7.89719531],[-71.80732413 -53.55120612  45.14967754],[-69.30093327 -13.6309069   56.81162361],[-53.84957942 -76.99695164  65.4497843 ]
sub-048,ses-1,run-01,[-71.52398556 -49.7423592   50.42197615],[-70.75726188 -64.37626236  15.64179994],[-71.01679793 -10.0193219   53.26633563],[-52.13253272 -65.93350572  76.72484165]
sub-048,ses-1,run-02,[-70.20336664 -64.62894652  15.42956327],[-70.65949977 -49.95208895  50.19523992],[-69.90476044 -10.22315924  53.58873328],[-51.21439378 -66.60484748  76.39632658]
sub-048,ses-3,run-01,[-68.97985278 -67.81530971   6.85457893],[-71.21843836 -59.10356616  43.5901568 ],[-71.97088667 -20.59940736  52.253194  ],[-51.81901506 -78.19795898  66.71175014]
sub-048,ses-3,run-02,[-68.6392619  -68.13702348   6.4685331 ],[-70.99677282 -59.46383697  43.64117891],[-71.4997902  -21.06570046  52.56002359],[-51.78510921 -78.88045506  66.80778768]
sub-054,ses-4,run-01,[ 64.96513432 -72.53179767  31.42341699],[ 70.56837561 -56.42889159 -17.38252428],[ 73.05512977 -53.35173594  13.5269486 ],[ 73.76231621 -25.23556461  21.13928333]
sub-054,ses-4,run-02,[ 64.97803924 -74.09469206  30.18619978],[ 70.22144326 -58.14072546 -17.9912412 ],[ 72.87882613 -54.52011701  11.97358655],[ 73.52997846 -26.73606352  19.28767376]
sub-054,ses-1,run-01,[ 62.96225444 -74.72034284  38.76933679],[ 68.48528485 -66.67993724 -12.53641281],[ 71.7171426  -58.28908593  16.52404912],[ 74.2941157  -29.56147876  21.30176672]
sub-054,ses-1,run-02,[ 62.96604195 -75.38675011  38.84576296],[ 68.15030007 -67.3701893  -12.25850677],[ 71.21682256 -59.10084945  16.25131554],[ 74.00221629 -30.48388089  21.4116188 ]
sub-054,ses-3,run-01,[ 64.88592415 -74.38147647  27.64870754],[ 68.03667842 -62.46034965 -24.27620844],[ 72.6711092  -55.2513678    8.07583766],[ 74.47455911 -28.40367786  13.12047126]
sub-054,ses-3,run-02,[ 64.97058933 -75.42232289  27.53099369],[ 68.60609048 -62.63514539 -23.73264949],[ 72.98978973 -55.89464516   8.13916256],[ 74.83675919 -29.29312587  13.5948404 ]
sub-052,ses-4,run-01,[-68.04744245 -52.979603    16.45926098],[-67.73071672 -37.09099918  51.67272302],[-64.17289028   1.69668013  53.2652658 ],[-47.91997281 -53.65194146  75.48561691]
sub-052,ses-4,run-02,[-68.76170907 -54.21894184  16.42212138],[-68.05726331 -38.6033115   52.02580299],[-64.76965285   0.13077455  54.09187323],[-48.18846888 -55.21373501  75.68464182]
sub-052,ses-2,run-01,[-70.32964656 -41.14968906  41.84445003],[-68.69605006  -3.77233427  46.18347967],[-70.08932133 -53.68892016   3.16863687],[-53.66653702 -60.11532306  68.25184364]
sub-052,ses-2,run-02,[-70.00275601 -41.43349876  41.84542448],[-67.9582892   -4.21155282  46.2835245 ],[-69.92208536 -53.79593413   2.88510018],[-53.53971666 -60.66723675  67.93797673]
sub-052,ses-3,run-01,[-69.91259882 -49.63896428  12.71408123],[-70.12748995 -33.01154615  48.14234871],[-66.39011457   5.86797343  45.63512208],[-52.95704882 -48.27118735  75.33312465]
sub-052,ses-3,run-02,[-69.75158909 -50.30313417  12.40850659],[-69.67027394 -33.87368688  49.14208612],[-65.70876665   5.36761569  45.11130847],[-52.08992077 -49.61189178  75.60511985]
sub-036,ses-4,run-01,[34.1948792  60.39086729 67.91798635],[52.0432536   6.67892017 78.08472266],[56.65810607 37.69082151 63.2189523 ],[71.14776623 37.88509796 32.77318539]
sub-036,ses-4,run-02,[33.7475536  60.06163271 67.22031171],[51.47805795  6.09058254 77.85260752],[56.22634713 37.23668361 62.84697373],[71.4845001  36.92337783 32.22388047]
sub-036,ses-2,run-01,[27.90638953 54.00405595 76.77667594],[48.18921791 -3.08406232 83.00609244],[55.89886111 31.24295186 68.44252385],[72.81728656 32.90446617 33.80237123]
sub-036,ses-2,run-02,[27.22677004 52.36888718 78.14511775],[47.8594763  -4.77787861 83.22840512],[55.52869395 30.00795062 69.19820863],[72.16632217 31.90762155 34.87380031]
sub-044,ses-4,run-01,[ 71.52988938 -72.21586548   6.90876037],[ 69.143664   -56.24620397 -45.87072488],[ 77.82202329 -53.60763814 -15.05717072],[ 80.90046076 -27.69056075  -7.28071459]
sub-044,ses-4,run-02,[ 71.92394856 -72.76285118   6.82723263],[ 69.24733305 -57.74740572 -44.85355561],[ 77.87772806 -54.44554217 -15.05045655],[ 80.48176527 -28.59930634  -6.75287779]
sub-044,ses-2,run-01,[ 73.58264814 -66.3335455   -3.84371458],[ 70.14010356 -47.6859964  -54.07418444],[ 77.61285821 -45.05841938 -22.8252426 ],[ 79.95195723 -18.8274765  -12.40973738]
sub-044,ses-2,run-02,[ 73.85072658 -67.2304548   -3.68938259],[ 69.35287787 -48.42752638 -53.52321094],[ 77.4853826  -45.57027169 -22.31510957],[ 79.66107298 -19.42004878 -12.52807197]
sub-044,ses-1,run-01,[ 73.95105873 -64.79082304   5.36999792],[ 71.50572338 -49.36871202 -43.12740734],[ 78.80149707 -44.76346425 -13.41923205],[ 80.45961944 -17.06631931  -5.30633446]
sub-044,ses-1,run-02,[ 73.97291    -65.51577597   5.82545736],[ 71.78340652 -50.03418904 -42.48285551],[ 78.82610023 -45.19741939 -13.02129754],[ 80.36666255 -17.57461379  -4.67120771]
sub-044,ses-3,run-01,[ 75.73571041 -64.77149946  12.05829676],[ 74.99184131 -50.8732576  -37.37889159],[ 80.81047414 -44.70965074  -8.19591472],[ 81.85879928 -19.08238304  -0.25521458]
sub-044,ses-3,run-02,[ 77.31102704 -64.45238991  14.26787732],[ 75.35425927 -54.53178957 -36.01197552],[ 83.09072731 -46.08026741  -2.53878143],[ 82.72569214 -21.19041933   1.10273265]
sub-012,ses-4,run-01,[-71.94218493 -58.52638495  19.74281131],[-66.38104961 -45.20298599  55.27257778],[-64.3443583   -6.03738505  60.6127967 ],[-44.87677014 -64.67917489  75.78509892]
sub-012,ses-4,run-02,[-72.4693214  -59.20475333  19.87585481],[-66.49316599 -45.76636987  55.70378052],[-64.74917589  -6.52491083  61.34327441],[-44.9449792  -65.20905252  75.85222498]
sub-012,ses-2,run-01,[-71.46761364 -56.02210287  35.75585468],[-72.86698253 -22.21349022  44.53142063],[-70.26832983 -62.95693509   2.40157472],[-57.91545416 -75.80823247  57.9291839 ]
sub-012,ses-2,run-02,[-71.53613758 -56.54669602  35.53661783],[-72.57404233 -22.94475998  44.51197276],[-70.33872351 -63.47927382   1.95759812],[-57.96775208 -76.36175202  57.59154557]
sub-012,ses-3,run-01,[-71.66859371 -22.46741048  47.83868651],[-68.53358287 -64.36184485  -1.85777861],[-70.10897227 -59.2060715   36.68452981],[-51.92011904 -80.36359137  61.2457732 ]
sub-056,ses-4,run-01,[ 72.13098941 -76.54602373  28.88602236],[ 75.67428491 -50.17643894 -14.3333523 ],[ 79.0476872  -50.95369061  15.32706222],[ 78.78676092 -27.45243554  31.20336748]
sub-056,ses-4,run-02,[ 72.4163477  -78.05987622  29.51582282],[ 76.42600491 -51.39819424 -13.05289486],[ 79.3914427  -52.21952262  16.34938793],[ 79.06425189 -29.13284667  32.48088583]
sub-056,ses-2,run-01,[ 71.79152023 -55.04979692 -27.38829992],[ 73.31458898 -71.49413151  19.66680548],[ 77.90646656 -49.95789815   1.77087513],[ 80.16693191 -23.098713    12.2815423 ]
sub-056,ses-2,run-02,[ 71.67969337 -55.03983834 -26.83896302],[ 73.46362668 -71.94550036  20.1465904 ],[ 77.98314251 -50.38004389   2.52470504],[ 79.92095582 -23.53778162  13.15246342]
sub-056,ses-1,run-01,[ 69.51193014 -57.70215858 -34.28891143],[ 70.16426226 -78.55450649  10.15494707],[ 76.54888682 -55.85230326  -5.396507  ],[ 79.32678622 -30.23401882   7.3212524 ]
sub-056,ses-1,run-02,[ 69.79335617 -58.02161514 -33.95126843],[ 70.39114814 -78.60720268  10.36829549],[ 76.91089518 -56.07044727  -5.06890764],[ 79.20298265 -31.19280579   7.64828182]
sub-056,ses-3,run-01,[ 72.69883583 -73.44553398  19.83173063],[ 73.03814473 -53.22622312 -25.3054902 ],[ 78.66640371 -49.35473188   3.91604442],[ 79.85268102 -24.76922711  16.14666979]
sub-056,ses-3,run-02,[ 72.945624   -73.59481694  19.85242448],[ 73.70142247 -53.49475139 -25.59205895],[ 78.73867601 -50.16556893   3.7256537 ],[ 79.73143925 -25.34820083  16.51830078]
sub-018,ses-4,run-01,[ 66.71194908 -79.53797028  16.1824106 ],[ 73.39281122 -59.72956922 -31.60461958],[ 7.61644109e+01 -5.88897954e+01 -3.72193035e-02],[ 79.56830104 -33.35216674   9.74508208]
sub-018,ses-4,run-02,[ 66.3401679  -81.5531544   16.22519669],[ 73.19275868 -60.40606715 -30.79278269],[ 76.00166011 -60.00364013   0.4579648 ],[ 79.25985611 -34.77518099  10.82426356]
sub-018,ses-2,run-01,[ 66.24665148 -79.83074041  20.70050284],[ 73.49187191 -59.60138036 -26.60803214],[ 75.18194237 -57.28398914   2.98101309],[ 77.85795396 -30.8016101   13.34054324]
sub-018,ses-2,run-02,[ 65.36417761 -79.93342331  20.58961819],[ 72.26391475 -59.44560854 -26.82515103],[ 73.89515678 -57.13347065   2.97208871],[ 76.11675446 -30.79340557  13.59700136]
sub-018,ses-3,run-01,[ 69.37505418 -78.17864434   3.07176649],[ 71.37629066 -60.8877351  -43.5540993 ],[ 76.55279189 -56.14945704 -15.91980901],[ 79.29378862 -29.49395382  -5.59663105]
sub-018,ses-3,run-02,[ 69.37579795 -78.95307877   3.20389557],[ 71.46164203 -60.39603463 -43.68525651],[ 76.60856339 -56.97978825 -15.44833254],[ 79.1342465  -30.32642032  -5.10055321]
sub-055,ses-4,run-01,[ 65.29945165 -76.3073379   43.01651079],[ 72.88528295 -59.38971335  -4.73409019],[ 74.32708738 -55.38452956  25.02333507],[ 75.9325677  -28.25218551  34.58907409]
sub-055,ses-4,run-02,[ 65.74736772 -77.96174238  43.1706569 ],[ 73.23995086 -61.16206528  -4.36357851],[ 74.82154528 -56.50504783  25.26516003],[ 76.09307394 -30.42408516  34.58184622]
sub-055,ses-2,run-01,[ 66.18120528 -74.27468051  36.93786881],[ 70.62897951 -55.0267178  -12.55735034],[ 74.61465749 -52.57261196  20.59402199],[ 75.48152582 -28.44392988  31.48340465]
sub-055,ses-2,run-02,[ 66.32468696 -75.45071022  36.90318739],[ 70.8555986  -57.57202075 -11.70662884],[ 74.87247992 -53.53354844  20.59216313],[ 75.78722146 -29.36565021  31.56103576]
sub-055,ses-1,run-01,[ 66.22043661 -72.38656142  43.74068535],[ 72.44887926 -57.09124133  -4.99419067],[ 74.52188686 -52.21301015  24.89262641],[ 74.92185986 -25.75373652  33.07155474]
sub-055,ses-1,run-02,[ 66.29913104 -73.75995658  43.78319911],[ 73.04248636 -58.41593574  -3.81124211],[ 74.8684465  -53.40658424  25.13258443],[ 75.29457625 -27.2120189   33.44366867]
sub-055,ses-3,run-01,[ 64.84291537 -75.3150641   45.73848905],[ 71.24971175 -58.70165002  -3.32028528],[ 73.38956499 -55.67625053  27.25140763],[ 75.20139244 -28.02046471  36.25821153]
sub-055,ses-3,run-02,[ 65.06563571 -76.86418047  45.66597615],[ 71.31323552 -60.7851531   -2.32183237],[ 73.59695274 -56.97040844  27.65462408],[ 75.03804167 -29.34998307  36.72335922]
sub-010,ses-4,run-01,[32.19253791 52.04326734 62.86031485],[51.59530552 -7.30680033 76.19531181],[57.66851864 24.94483665 57.41660003],[67.52356433 20.65288958 22.69143699]
sub-010,ses-4,run-02,[32.40945089 51.33375084 64.68724495],[52.15376019 -7.89284761 77.03700933],[57.9810054  24.46472741 58.45970072],[67.44219418 20.64546322 24.08363644]
sub-010,ses-2,run-01,[31.90997148 49.73722212 65.72083259],[48.18268578 -8.23266163 80.41023056],[56.48832293 23.02641237 60.5749135 ],[67.8655035  18.63487476 24.13018886]
sub-010,ses-2,run-02,[32.89424888 48.14567333 67.47169936],[48.87500816 -9.74513794 81.07137648],[57.35513313 21.61018042 61.82540918],[68.6637398  18.00308391 25.62134593]
sub-010,ses-1,run-01,[35.89013445 40.53632729 70.3460006 ],[ 58.92453541 -17.06322854  71.19329326],[60.98056379 16.95367158 56.31998683],[69.07894915 16.31434878 18.28832225]
sub-010,ses-1,run-02,[36.25848773 38.01753591 74.81893451],[ 58.98288875 -17.62152882  72.61528246],[61.16459183 16.31686803 58.43902201],[69.73412734 15.35091162 19.92882284]
sub-010,ses-3,run-01,[28.36876323 56.17018698 60.92470277],[49.96651271 -3.16522285 77.50154803],[54.37944884 30.1556951  57.83835214],[66.45739615 25.57572465 22.68027597]
sub-010,ses-3,run-02,[28.11949593 55.02341302 63.05766194],[49.69847873 -4.02242272 79.08116344],[54.04521231 29.34093041 59.61244104],[66.09920587 25.24607721 25.03894325]
sub-029,ses-4,run-01,[28.79459016 53.61319263 65.7206375 ],[52.3200933  -5.96991378 76.35518209],[55.23614013 28.9544476  57.72841299],[66.89100266 27.91547754 20.85288451]
sub-029,ses-4,run-02,[27.82585809 51.06979484 68.70220716],[52.4212094  -8.28118518 77.39062424],[54.60254707 26.88143348 59.76039449],[66.76160389 26.30746172 23.01752403]
sub-029,ses-2,run-01,[34.39455781 51.2999408  65.07258284],[48.66800924 -3.10561933 79.4917635 ],[54.3374148  25.93700971 61.8285873 ],[68.939561   22.42549829 31.92144116]
sub-029,ses-2,run-02,[33.84451836 50.70136868 65.96772495],[48.44906177 -3.77662687 80.28016597],[53.85350789 25.34595974 62.65685451],[68.53850282 21.911201   32.53481902]
sub-029,ses-1,run-01,[32.27382624 52.149015   65.04702275],[49.70529394 -8.32079961 78.57088816],[56.14758993 24.62624424 58.81495743],[68.62362323 23.27562095 21.79781222]
sub-029,ses-1,run-02,[33.39501895 49.96459351 68.22826183],[ 50.62004703 -11.10085782  79.90953201],[57.06796285 22.29911167 61.34498729],[69.63420168 21.03982035 24.89711673]
sub-029,ses-3,run-01,[34.20517175 56.64232386 60.28147167],[49.79735338 -0.38229215 77.45493971],[58.11861301 27.92783712 54.43934128],[69.75044992 20.52468301 18.47704775]
sub-029,ses-3,run-02,[33.49815282 55.11372889 61.41420563],[49.13516508 -1.80492564 78.34797478],[57.72362132 26.61911486 55.22842649],[69.55545473 19.45999057 19.3870385 ]
sub-062,ses-4,run-01,[-72.23009486 -52.01119326 -13.27567266],[-73.02869627 -40.07599762  24.34933047],[-67.97876322  -1.54578279  30.44534743],[-60.88802922 -61.40467119  51.801261  ]
sub-062,ses-4,run-02,[-72.00743029 -53.1719256  -11.94687613],[-72.51147394 -41.37498463  25.44305412],[-67.05379469  -3.07485033  32.28359996],[-60.8487661  -63.0426601   52.76140589]
sub-062,ses-2,run-01,[-69.64153387 -62.38270543 -14.14752669],[-72.02111038 -51.44074229  23.04192225],[-71.17003541 -12.42075114  28.00079884],[-56.82285588 -70.33673473  50.76987819]
sub-062,ses-2,run-02,[-69.81021041 -62.82921218 -13.30316398],[-71.70637595 -51.97375359  23.14926446],[-70.46068929 -12.79885628  27.73835761],[-56.2604294  -70.82797675  50.59723564]
sub-062,ses-1,run-01,[-72.07223751 -58.44942846  -3.97083197],[-71.68579884 -46.95157294  32.30049934],[-68.75202987  -6.74818815  32.69894849],[-55.32820345 -62.83567613  59.66159355]
sub-062,ses-1,run-02,[-72.30565923 -58.72707843  -4.41252065],[-72.41520307 -47.99445944  32.80238574],[-68.69041686  -7.91287225  32.93016916],[-56.17030352 -63.3966822   59.97170361]
sub-062,ses-3,run-01,[-72.39961659 -53.97076725   4.0653395 ],[-69.94595858 -40.90357292  39.95237532],[-64.73046389  -1.37019811  40.79668637],[-50.31106842 -57.23323502  64.1035726 ]
sub-062,ses-3,run-02,[-72.10333247 -54.34456494   4.28945597],[-69.38441894 -41.37593918  40.289274  ],[-63.89314554  -1.89646221  41.01268132],[-49.55246318 -58.05074483  64.17731602]
sub-013,ses-2,run-01,[ 62.72132643 -83.95783517  16.99776253],[ 71.19366198 -60.81930824 -28.4238994 ],[ 73.07411065 -60.78038185   1.91865786],[ 77.38835443 -35.9581958   14.05401074]
sub-013,ses-2,run-02,[ 62.06445415 -85.84210816  19.05076185],[ 70.82299928 -62.72494866 -26.2712723 ],[ 72.83560851 -62.64615565   4.05649868],[ 77.23542015 -37.79468063  16.24818342]
sub-013,ses-1,run-01,[ 61.20628506 -85.47988971  27.33214829],[ 68.87515461 -67.85048247 -26.06985898],[ 73.2261913  -60.45847054   6.55120008],[ 77.42943184 -30.74758296  16.81522204]
sub-013,ses-1,run-02,[ 61.35592853 -86.51966433  27.59552819],[ 68.86845144 -68.6047798  -25.33807646],[ 73.29668066 -61.14810363   6.71544427],[ 77.46029362 -31.27703915  17.40577916]
sub-042,ses-4,run-02,[ 63.57170923 -76.90875851   3.71060785],[ 69.9784987  -54.86761551 -41.57902816],[ 74.25534904 -54.60670324 -11.61381918],[ 78.10266317 -32.37520829   1.5800958 ]
sub-042,ses-2,run-01,[ 60.40661158 -82.7540803    0.84322093],[ 67.14359717 -56.65919798 -43.30095751],[ 72.24913919 -60.88198504 -11.85323932],[ 78.34994025 -38.6987656    1.72109929]
sub-042,ses-2,run-02,[ 60.55289881 -84.04428605   0.34339792],[ 67.7244777  -59.04051044 -42.99791955],[ 72.50045053 -62.57059175 -12.58614665],[ 78.24026942 -40.36688845   1.47792393]
sub-042,ses-1,run-01,[ 64.23361772 -77.37552114  11.83085358],[ 67.75173049 -53.29456585 -44.03492337],[ 75.23194676 -52.00581992  -8.71826844],[ 79.5780568  -23.54563911   5.63038953]
sub-042,ses-1,run-02,[ 64.71420535 -78.70586196  11.5454563 ],[ 67.75114912 -54.00366663 -44.07409272],[ 75.34496996 -53.32270861  -9.27387449],[ 79.46113255 -24.66323924   6.08077695]
sub-042,ses-3,run-01,[ 63.75637862 -78.23041283   5.15948535],[ 67.16261466 -56.84875193 -44.77886598],[ 73.43777079 -56.86913525 -12.40853612],[ 79.31088823 -33.21625684  -0.23866452]
sub-042,ses-3,run-02,[ 64.19145759 -79.24027853   5.13402241],[ 67.60530445 -58.30517507 -43.74607612],[ 73.76836448 -57.89503861 -12.21355911],[ 79.45121472 -34.03015513   0.45859509]
sub-033,ses-4,run-01,[-76.35446735 -48.98046112   0.44100011],[-77.26755552 -37.71786847  37.15686438],[-74.54167889   1.57761951  42.53424176],[-63.73363884 -58.73325731  63.18945839]
sub-033,ses-4,run-02,[-75.89995574 -49.82390568   0.58537531],[-76.86331378 -38.17360608  37.22790947],[-74.28822145   1.20896905  42.47919213],[-63.27900557 -59.4252024   63.28633346]
sub-033,ses-2,run-01,[-76.25547188 -38.74798477  39.78431042],[-75.41618121 -51.95767964   2.62501436],[-73.94384006   0.32087438  46.0860443 ],[-62.23147852 -58.94036482  67.2633501 ]
sub-033,ses-2,run-02,[-75.87870494 -39.41203737  40.28466335],[-75.12805039 -52.54813992   3.02241221],[-73.62523954  -0.19530185  46.52083064],[-62.07394398 -59.67031947  67.69924087]
sub-033,ses-1,run-01,[-75.57390201 -50.96993167   1.28641701],[-75.87628145 -43.2342436   38.61190929],[-73.38428605  -3.15650917  47.71338872],[-60.78249808 -65.99940565  62.35044187]
sub-033,ses-1,run-02,[-75.23137039 -50.99418674   1.44693965],[-75.6211833  -43.37602667  38.78014129],[-73.07474826  -3.34796197  47.92609822],[-60.69260637 -66.37173438  62.43263337]
sub-033,ses-3,run-01,[-77.87988601 -38.53361969  28.35070138],[-74.86082642 -55.98152807  -5.15320906],[-75.78535459   1.27979596  30.99860343],[-67.27151357 -58.02909283  58.50046102]
sub-033,ses-3,run-02,[-77.72929034 -39.16832854  28.90923132],[-74.90454094 -56.54266607  -4.97486169],[-75.78774883   0.50956812  31.31104498],[-67.33641066 -58.9135124   58.75772044]
sub-017,ses-4,run-01,[ 55.31598039 -81.28526988   5.10068484],[ 62.47065455 -67.35631696 -43.93953394],[ 66.35943125 -62.91966843 -15.12118556],[ 71.90772046 -37.0188072   -8.12372225]
sub-017,ses-4,run-02,[ 55.64596912 -82.77666114   4.69885946],[ 62.32771472 -67.91355145 -43.98503789],[ 66.54703622 -64.03216992 -15.16738459],[ 72.02654947 -38.136016    -7.69857439]
sub-017,ses-2,run-01,[ 57.75541356 -76.24332175  13.15819719],[ 64.23826451 -63.56183312 -36.1618231 ],[ 67.53516356 -57.56860999  -6.021969  ],[ 71.74485811 -30.67336295   1.85312697]
sub-017,ses-2,run-02,[ 57.56247667 -76.17721135  12.05000076],[ 64.32341606 -63.88926414 -37.19277815],[ 67.42505845 -57.57422855  -7.25545879],[ 71.39403197 -30.66802122   0.47252138]
sub-017,ses-1,run-01,[ 58.89712513 -72.61979803  15.9056605 ],[ 64.4368127  -63.08404467 -33.0613479 ],[ 68.05701646 -54.71653487  -4.34977288],[ 72.38678591 -27.67936168   2.30426753]
sub-017,ses-1,run-02,[ 59.57460402 -73.65124271  15.29923205],[ 64.24549792 -64.03590325 -33.57125746],[ 68.23850172 -55.61654712  -5.23279278],[ 72.65486883 -28.70177694   1.84767102]
sub-017,ses-3,run-01,[ 51.88934165 -86.98290323   5.04513123],[ 60.86463423 -69.60332683 -42.52065038],[ 64.28269281 -68.36067623 -11.15318645],[ 71.09980983 -44.00274581  -2.24307853]
sub-043,ses-4,run-01,[38.00820376 48.62720635 59.51606163],[ 54.45217817 -10.87866399  67.81050426],[61.96419716 21.59738536 48.11429528],[71.20688927 17.92498181 10.94173727]
sub-043,ses-4,run-02,[37.72971674 47.15451214 60.37131319],[ 54.39125929 -12.57049062  67.95332419],[61.94436917 20.32827029 48.80660469],[71.54788666 17.33535023 11.62964478]
sub-043,ses-2,run-01,[44.63442077 43.58553986 57.27815102],[ 56.83226888 -21.08816301  65.96111455],[64.68640057 14.50944917 47.77278238],[71.73319969 10.32408441 10.7227388 ]
sub-043,ses-2,run-02,[42.80305904 42.36324569 57.72401538],[ 55.45481941 -22.14727921  66.60574838],[63.28285758 13.78742531 48.27183979],[70.98864609 10.5883647  11.1206127 ]
sub-043,ses-1,run-01,[40.95768977 42.42419007 62.11895639],[ 53.20507587 -13.30337739  69.30022343],[60.16679959 16.4156716  52.83254249],[70.41259424 14.91306424 21.52502337]
sub-043,ses-1,run-02,[41.00210142 41.60662207 62.64520265],[ 53.32391004 -14.15509815  69.74656593],[60.04128214 15.79702887 53.59601538],[70.28860907 14.39500444 22.27385376]
sub-043,ses-3,run-01,[47.10009886 46.34154993 50.75413484],[61.04992225 13.20440122 52.80355479],[63.92558144 22.63331328 46.0236459 ],[72.48679898 -2.75952849 19.42718098]
sub-043,ses-3,run-02,[48.21828886 45.87954516 50.2190574 ],[61.89913395 12.78094985 52.12766519],[65.0241325  22.23111799 45.94230874],[73.79359058 -3.4632179  19.87579373]
sub-021,ses-4,run-01,[ 61.99447529 -85.43148977 -26.89361293],[ 67.86982487 -77.37477793  24.98533878],[ 72.32482539 -68.19159144  -3.24805871],[ 77.4855226  -40.96071798  -6.02673084]
sub-021,ses-4,run-02,[ 61.90964209 -86.55360041 -27.09355326],[ 67.45193773 -78.986093    24.65409747],[ 72.21916862 -69.15757988  -2.89725219],[ 77.50636011 -42.19566732  -5.5294738 ]
sub-021,ses-2,run-01,[ 61.26863218 -86.8928952   22.07153939],[ 68.89732202 -70.91894433 -27.54851331],[ 72.37871609 -67.69341962   2.91785535],[ 77.67856003 -41.97071132  13.74559966]
sub-021,ses-2,run-02,[ 60.85940611 -87.75785607  21.8467731 ],[ 68.71480272 -71.87425909 -27.1647275 ],[ 71.9901148  -68.47516341   3.0439576 ],[ 76.91475286 -42.86629723  14.01933486]
sub-021,ses-1,run-01,[ 64.02522277 -85.1951845   15.88964709],[ 70.13629194 -69.2336231  -31.7697705 ],[ 74.14228989 -66.06233689  -2.1388499 ],[ 78.72077683 -39.77523913   8.05320933]
sub-021,ses-1,run-02,[ 64.26739511 -86.04433483  16.34597083],[ 70.35150525 -69.44119287 -31.17045386],[ 74.40642767 -66.54981982  -1.39468742],[ 78.83771545 -40.58406329   9.34348381]
sub-021,ses-3,run-01,[ 66.17948666 -80.71062166  21.94319456],[ 69.89632597 -69.34917084 -29.67084636],[ 74.376223   -63.36038993  -0.91948724],[ 79.9563989  -35.30423919   5.34026532]
sub-021,ses-3,run-02,[ 66.26762322 -81.79144781  21.99173533],[ 70.16736889 -70.10668442 -29.40655415],[ 74.57022977 -64.16400961  -0.58361192],[ 79.6591166  -36.49477737   5.76833354]
sub-025,ses-4,run-01,[ 56.81921612 -76.88346351  40.10829724],[ 63.79403765 -61.83334475  -8.259799  ],[ 68.90565907 -58.50859274  21.82412019],[ 75.10661611 -33.41818098  31.35687377]
sub-025,ses-4,run-02,[ 56.75254916 -77.57699432  40.26501483],[ 63.51318714 -62.65579021  -8.0515595 ],[ 68.89958856 -59.22650265  22.25518625],[ 74.66829874 -34.31441659  32.21697204]
sub-025,ses-2,run-01,[ 59.69206085 -69.2325501   52.77302085],[ 67.87278935 -58.28294235   2.89973773],[ 71.23062792 -51.20324583  31.59473311],[ 74.71461539 -23.45133554  37.97376297]
sub-025,ses-1,run-01,[ 67.75106555 -56.69058077  43.727559  ],[ 68.24276883 -49.386958    -7.64784574],[ 74.50665477 -40.95540872  20.51932319],[ 75.27534201 -12.09690603  24.25213643]
sub-025,ses-1,run-02,[ 67.44173716 -58.07850874  44.37137333],[ 67.94835161 -50.8698113   -6.96410458],[ 73.96047922 -42.2382191   21.24406338],[ 74.95501597 -13.57560104  25.30465905]
sub-025,ses-3,run-01,[ 60.64543063 -69.99173264  46.34559419],[ 65.88621995 -59.51104463  -3.42064531],[ 70.92395185 -53.02245465  25.80764466],[ 76.11041371 -25.43825804  31.14360623]
sub-025,ses-3,run-02,[ 61.28512127 -70.54167493  45.55437506],[ 65.23521321 -61.57864115  -5.39663676],[ 71.07990892 -54.19223192  24.01746475],[ 76.17329123 -26.1175472   30.39156761]
sub-035,ses-4,run-01,[24.84432663 54.537365   61.99614032],[43.79814756 -4.96418504 79.56595502],[52.26940641 27.33536897 59.48279587],[69.77300317 25.10984584 24.98782189]
sub-035,ses-4,run-02,[25.65787141 51.98784772 63.91256484],[44.91232984 -7.65703175 80.27551062],[53.05314844 24.98330041 60.77136776],[70.2040065  23.5148374  26.07867028]
sub-035,ses-2,run-01,[24.73743825 62.5909316  52.62238185],[42.06324588  4.5419027  77.1411534 ],[50.49171708 35.87321756 55.4182143 ],[68.22711238 30.07553384 20.27386842]
sub-035,ses-2,run-02,[24.8778533  61.96746487 53.33468029],[42.34523847  4.00490502 77.8451356 ],[50.71616229 35.16426764 56.19902267],[68.15028138 29.62793551 20.6343984 ]
sub-035,ses-1,run-01,[16.81081061 61.90476612 56.11358241],[38.75183658  7.85362035 79.12559815],[44.80102101 40.10759867 58.32241037],[65.62493626 36.01319983 24.36341164]
sub-035,ses-1,run-02,[15.33935428 60.52867452 58.06923625],[37.89566294  6.35707983 80.71266567],[43.95041988 38.56891939 59.90988509],[64.70239722 35.23774147 25.87864728]
sub-035,ses-3,run-01,[28.62069221 57.25449758 56.57847335],[51.08819241 -0.98304185 72.22863315],[55.43435687 33.4382707  51.73317076],[70.48370105 30.33014998 14.66275353]
sub-035,ses-3,run-02,[28.7651177  54.24084218 60.8447159 ],[51.47914632 -4.62566272 75.00819941],[55.34291885 30.27001678 55.61530112],[70.16124835 28.95020256 18.38919857]
sub-039,ses-4,run-01,[-75.89832518 -61.59074482  12.03135226],[-72.98969612 -44.74242095  47.55842764],[-72.88833029  -5.97495616  48.18375967],[-51.54745643 -56.30780191  74.71076185]
sub-039,ses-4,run-02,[-76.78107828 -64.22220982  11.87074554],[-72.54998167 -47.24095949  47.21933249],[-72.60479331  -8.27738731  47.20061417],[-50.78883513 -58.55945712  74.83028326]
sub-039,ses-2,run-01,[-77.60232652 -58.67919035  11.25172318],[-72.95188303 -47.03289047  48.40788028],[-70.09204808  -7.73476153  55.0721952 ],[-52.39895543 -67.06011809  69.67737478]
sub-039,ses-2,run-02,[-78.09253618 -59.85283345  11.76407923],[-73.46813917 -48.88663887  49.17486713],[-70.69803537  -9.68094842  56.63721133],[-52.40032176 -68.6150608   70.02957182]
sub-039,ses-1,run-01,[-78.33825132 -54.40696185  16.81719892],[-72.34245119 -36.87126438  51.64707163],[-69.42830462   3.00232934  52.11151432],[-50.74331768 -53.70682342  76.50104168]
sub-039,ses-1,run-02,[-78.1613115  -55.27274713  15.97400783],[-71.91442039 -37.92019456  50.49289064],[-68.70770684   1.67150514  50.86169155],[-50.79838946 -55.08088118  75.07760194]
sub-039,ses-3,run-01,[-73.69409613  -4.77725133  45.83999033],[-75.80040715 -62.13349662   8.60734367],[-74.47336535 -44.80024261  44.4132308 ],[-56.60376203 -62.57589061  64.35426201]
sub-039,ses-3,run-02,[-74.51620786  -7.48182219  42.75029338],[-74.84624851 -46.97226878  42.97716431],[-75.12593402 -65.28958845   6.98858523],[-57.86391401 -62.43055485  63.56828736]
sub-003,ses-4,run-01,[-66.60381374 -66.92141233  13.02785974],[-67.66923928 -51.44121898  49.79129211],[-68.21074671 -11.57442778  54.96890364],[-50.77707175 -69.68028234  76.06749533]
sub-003,ses-4,run-02,[-66.84448242 -67.44249036  13.18602465],[-67.88492763 -52.37579941  50.24586987],[-68.13880614 -12.45407047  55.36979263],[-51.31318907 -70.63836277  76.49265401]
sub-003,ses-2,run-01,[-68.79938906 -60.65178049  15.79549403],[-67.49771751 -48.80222562  52.57225794],[-66.6214132  -10.28326721  57.66286136],[-49.73049942 -67.55168449  79.45176528]
sub-003,ses-2,run-02,[-68.26260169 -60.54595314  15.66399168],[-66.39527782 -49.07008495  52.28663063],[-65.09702959 -10.29097581  57.69085982],[-48.73983607 -67.77174115  78.84760334]
sub-003,ses-1,run-01,[-66.99229072 -66.38925941  11.43964171],[-69.55392294 -14.31228276  49.78732654],[-67.93335777 -53.36093983  46.54873487],[-52.18208749 -71.73630436  75.51196367]
sub-003,ses-1,run-02,[-66.83437019 -67.03257294  11.99801805],[-68.13279209 -54.46076453  47.22355898],[-69.61705643 -15.38495067  51.03352505],[-52.48668282 -73.06515576  76.1433755 ]
sub-003,ses-3,run-01,[-67.37771948 -63.70969606  14.60202089],[-66.95505887 -50.55388606  55.58121127],[-67.7278825  -14.02046925  60.0033428 ],[-48.52245739 -68.32007055  81.09687784]
sub-003,ses-3,run-02,[-67.45472026 -64.42576468  15.08939861],[-67.22407117 -52.2522076   55.92286482],[-67.29570389 -15.85362979  61.11157194],[-48.81048718 -70.55394575  80.88917957]
sub-040,ses-2,run-01,[25.06538879 73.8236999  36.68967244],[54.19705626 54.05830889 29.54061325],[56.12202809 20.54331383 48.78530187],[68.02620547 49.69724653 -5.00079042]
sub-040,ses-2,run-02,[24.6372867  72.53294017 38.24744948],[53.96265713 52.8628867  30.91194699],[56.01103713 19.11294455 49.76539965],[68.04025552 48.98770307 -3.82707878]
sub-040,ses-1,run-01,[24.89259698 75.46941697 34.83964523],[44.62805785 21.46519073 59.69568797],[52.16793143 51.64781099 36.11880506],[68.42143927 43.76949566  1.11810863]
sub-040,ses-1,run-02,[24.66937576 74.47002701 36.69233828],[44.72199358 19.89051934 60.82813417],[51.93140623 50.56062032 37.57235322],[68.63016432 43.24194648  2.73021492]
sub-064,ses-2,run-01,[-68.86932734 -66.4973373    2.97405968],[-68.86023871 -53.2764567   38.84561268],[-66.21801112 -13.94911012  43.80924169],[-49.03471322 -70.19704977  63.75035455]
sub-064,ses-2,run-02,[-68.2488587  -66.99307781   3.13638504],[-68.32346489 -54.09103516  39.21193363],[-65.32666528 -14.68975214  44.72108916],[-48.93582474 -71.34588157  63.99068764]
sub-064,ses-1,run-01,[-69.43569588 -66.10749344   5.10400635],[-68.68481636 -53.55693055  40.16525201],[-65.824687   -14.77326067  44.7809075 ],[-48.01997257 -71.69136617  63.97545824]
sub-064,ses-1,run-02,[-68.82203304 -66.42074456   5.2783833 ],[-68.31081675 -53.92689241  40.85822428],[-65.21550811 -15.40336382  45.84186766],[-48.02393151 -72.31230975  64.71972574]
sub-016,ses-4,run-01,[ 73.06893523 -53.93456106  37.13794259],[ 75.98973682 -42.00419641 -13.55086715],[ 79.11586087 -34.79109576  15.1185511 ],[79.16207585 -6.44691627 22.87106477]
sub-016,ses-4,run-02,[ 74.44443956 -51.13939301  38.93708898],[ 76.57981197 -39.25850704 -11.64059338],[ 79.42843213 -31.63877446  17.1542947 ],[78.00137699 -3.98921041 24.99634317]
sub-016,ses-2,run-01,[ 72.33172396 -56.75181815  30.12834835],[ 74.10520853 -45.27306822 -20.46790963],[ 78.53980229 -37.58658557   9.06158164],[80.37369594 -9.83764415 15.53602716]
sub-016,ses-2,run-02,[ 72.8609388  -57.48681547  30.58489795],[ 74.92305633 -46.02191799 -19.73007839],[ 79.07537957 -38.33478265   9.49497394],[ 80.74031994 -10.71000599  16.10771618]
sub-016,ses-1,run-01,[ 70.83326526 -60.6602567   20.92656168],[ 73.98714129 -43.73188464 -29.00713555],[ 77.57908958 -39.90817815   2.17033511],[ 80.47245473 -12.93361985  10.8295791 ]
sub-016,ses-1,run-02,[ 71.16593089 -61.31591696  21.33622567],[ 73.66829105 -44.17323203 -28.17711415],[ 77.62862146 -40.50265518   2.76935773],[ 80.29185727 -13.66297724  11.5975555 ]
sub-016,ses-3,run-02,[ 70.96163107 -71.38296596  37.18202033],[ 72.53620173 -65.68793252  41.43323211],[ 74.9980941  -57.45726594  39.71174512],[ 80.21087502 -42.80897204  14.19659992]
sub-059,ses-4,run-01,[-68.04791534 -64.33168202  19.31442164],[-67.06705324 -43.31349296  51.62466483],[-63.28570756  -3.6092375   48.39425616],[-46.25913946 -57.88728616  76.91215906]
sub-059,ses-4,run-02,[-67.99339032 -64.85048267  19.17371738],[-66.48992734 -43.18375186  51.45645412],[-62.72399546  -4.06276689  48.54547079],[-45.39207878 -58.63707681  76.50713058]
sub-059,ses-2,run-01,[-68.21573364 -24.90704318  41.43949512],[-67.75225602 -64.20227433  34.81848588],[-61.9957442  -73.39623774  -0.10167565],[-50.06197515 -80.88663445  60.59388311]
sub-059,ses-2,run-02,[-68.0856377  -25.73167949  42.74078983],[-67.73425741 -64.90745381  35.31672521],[-6.14432758e+01 -7.42130979e+01 -1.62133798e-02],[-50.03226993 -82.09939259  60.85101656]
sub-059,ses-1,run-01,[-65.80137981 -70.54536066   8.83179956],[-67.2860073  -55.81863313  47.07270438],[-64.82678374 -16.1126818   46.98781788],[-49.26666626 -70.17454219  71.37176431]
sub-059,ses-1,run-02,[-66.0050775  -71.49798021   8.32856696],[-67.15206816 -57.24399562  46.47039731],[-64.63120249 -17.56629291  46.96434511],[-48.87885214 -71.6812628   70.23397416]
sub-059,ses-3,run-01,[-66.87932085 -21.12961495  46.10578013],[-62.77709645 -73.75891288   7.72772692],[-67.16263911 -60.33090402  43.45312107],[-47.468937   -76.07192705  67.70962604]
sub-059,ses-3,run-02,[-63.09900506 -74.24820419   7.35175386],[-66.09326185 -21.73911947  45.9689494 ],[-66.82986186 -61.10856491  43.26564683],[-47.35391543 -76.48780015  66.98721042]
sub-026,ses-4,run-01,[ 67.71603979 -75.43090432  27.19994378],[ 68.59144388 -61.42679505 -20.88144358],[ 74.81844563 -55.9749964    7.00638293],[ 77.67770527 -29.16839527  14.7716082 ]
sub-026,ses-4,run-02,[ 68.07343312 -76.4308918   27.69603925],[ 68.45478412 -62.67848866 -20.02090193],[ 74.78275333 -56.89648114   7.49608311],[ 77.54853689 -30.03365836  15.24808593]
sub-026,ses-2,run-01,[ 67.71152898 -75.79116682  32.19268832],[ 67.80814576 -65.43823051 -18.18960458],[ 73.85824762 -58.959448     9.91644084],[ 78.28782603 -31.20135337  15.75989976]
sub-026,ses-2,run-02,[ 67.17200724 -76.5501701   32.19862747],[ 66.73854656 -65.42818719 -18.42558887],[ 72.84707769 -59.47527565   9.89251106],[ 77.0034935  -31.62196394  16.25857704]
sub-026,ses-1,run-01,[ 67.63595932 -76.17911025  31.65824414],[ 68.77836127 -64.29964015 -18.33569953],[ 74.20978933 -58.49762494   9.21149165],[ 78.55524925 -30.07331242  17.76394387]
sub-026,ses-3,run-01,[ 65.53309461 -80.10432622  26.34293347],[ 67.14671055 -66.47902767 -23.09782482],[ 72.99889191 -61.06842634   5.55103019],[ 78.60611736 -34.06956492  12.24526665]
sub-026,ses-3,run-02,[ 65.70740275 -80.87201298  27.2795509 ],[ 67.17426849 -67.63425121 -22.39446441],[ 73.01836395 -61.80472308   6.20777102],[ 78.59773182 -34.74216919  13.00939646]
sub-057,ses-2,run-01,[24.0154403  58.94261561 51.38125403],[47.78456123  4.72076444 70.23036475],[53.2210381  38.587829   51.56561453],[68.53960109 36.6120357  15.58195444]
sub-057,ses-2,run-02,[23.4200496  58.26215958 51.77350321],[48.16508153  3.7981585  70.48690539],[53.29705145 37.87021409 51.75527197],[68.77437929 35.69110833 15.52374812]
sub-057,ses-1,run-01,[40.24691215 48.16774686 54.71930084],[ 62.78519274 -12.67411082  59.43157288],[66.05831636 22.42828625 45.35709476],[74.81093271 24.07524976  8.24651256]
sub-057,ses-1,run-02,[41.64530132 46.90937709 55.84483805],[ 63.6101837  -14.08374495  60.18618155],[66.88004996 21.24558448 46.48091111],[75.49523599 22.90834711  9.51100596]
sub-031,ses-2,run-01,[31.54583318 55.10646086 64.50250013],[45.20009448 -4.68904779 78.63053574],[55.84393506 27.53925437 62.84674146],[72.26741451 25.19290956 28.02010194]
sub-031,ses-2,run-02,[32.06742155 54.08051575 66.00725258],[46.13274954 -5.68987325 79.76048642],[56.35161546 26.76825679 63.84104668],[72.30353333 24.64671718 28.62011127]
sub-031,ses-1,run-01,[31.82936908 62.04284558 57.75876018],[45.41101669  3.13988786 78.39989922],[56.14021313 35.92733962 58.46356698],[71.50584679 28.37060199 24.75836297]
sub-031,ses-1,run-02,[31.55790082 61.06743078 59.55415748],[45.59156731  1.95865643 79.36238572],[55.88912747 35.13681532 59.96121577],[71.23770779 27.75795948 25.91084367]
sub-031,ses-3,run-01,[37.70596005 53.99611863 63.09149491],[ 51.58809504 -10.38449529  74.37142592],[61.24814869 24.14861013 59.77370807],[74.62470167 21.41103198 24.85146688]
sub-031,ses-3,run-02,[38.21698803 53.13634854 62.05914951],[ 51.62364802 -11.04109098  73.75919638],[61.45858132 23.41871625 59.05657291],[74.82744787 20.46946618 24.97964597]
sub-030,ses-4,run-01,[ 60.88932795 -82.64274946  35.19388343],[ 63.05573053 -65.67869607 -16.01137258],[ 68.48599218 -62.2991159   14.4621752 ],[ 73.48946761 -34.70258389  20.66561815]
sub-030,ses-4,run-02,[ 61.38626942 -83.87975917  34.51591124],[ 63.39189436 -66.76186124 -15.68833141],[ 68.75989351 -63.41923254  13.9552063 ],[ 74.24127581 -36.31120046  21.00654362]
sub-030,ses-2,run-01,[ 61.92321933 -81.03868633  33.96840639],[ 61.39626935 -68.85909498 -16.67040484],[ 68.31593912 -62.14420873  13.34472205],[ 73.50548336 -34.48816266  19.75481729]
sub-030,ses-2,run-02,[ 61.20193306 -69.4007646  -16.48591983],[ 62.31698065 -81.48257518  33.93672877],[ 68.26973258 -62.77089743  13.41639887],[ 73.42962242 -35.16857569  19.88652531]
sub-030,ses-1,run-02,[ 65.1889689  -67.90437847  -9.19175056],[ 65.55565099 -76.79993065  37.7035475 ],[ 69.99516943 -61.89997278  20.5569174 ],[ 75.49742229 -35.53303747  34.14744149]
sub-030,ses-3,run-01,[ 61.05496088 -81.59126091  35.17338063],[ 63.93452888 -66.83330555 -14.17625669],[ 69.00159545 -61.83079489  15.83032561],[ 73.29165422 -35.05901378  22.20708527]
sub-030,ses-3,run-02,[ 61.6771044  -82.86460546  34.66090789],[ 64.30595591 -68.30672486 -14.63569272],[ 69.99240569 -63.17162408  15.30754133],[ 74.79376464 -36.56760977  21.19572446]
sub-004,ses-4,run-01,[ 71.13133189 -73.59791113  15.47728745],[ 74.21903984 -59.39691315 -32.71602437],[ 77.91781868 -53.81947999  -3.38479555],[ 78.8976036  -26.96195099   5.67276863]
sub-004,ses-4,run-02,[ 71.23537675 -74.36506859  15.4578601 ],[ 73.87282376 -59.53622178 -32.77084341],[ 77.58327391 -54.24759224  -3.28791516],[ 78.17505978 -27.28008175   6.02231268]
sub-004,ses-2,run-01,[ 68.89091977 -78.19365505   5.35849464],[ 73.3993474  -56.79899446 -40.62354571],[ 76.62876887 -55.54850699 -11.0128757 ],[ 78.4484673  -29.8890236    0.64668623]
sub-004,ses-2,run-02,[ 68.43959798 -78.90707833   5.45575489],[ 72.63933046 -57.71847886 -40.65989367],[ 75.86707648 -56.27399471 -10.79171365],[ 77.50457873 -30.99971469   0.62155476]
sub-004,ses-1,run-01,[ 64.7784761  -82.21422154  19.16005707],[ 74.06425222 -57.13274997 -31.41599613],[ 76.59013069 -56.43331709   1.74128498],[ 78.41440952 -27.75926803  19.89491087]
sub-004,ses-1,run-02,[ 64.88576196 -82.57166488  19.17519483],[ 73.91875314 -57.70466944 -31.01536672],[ 76.4932552  -56.63856029   1.69442879],[ 78.29761111 -28.30595623  20.50958434]
sub-004,ses-3,run-01,[ 70.82542933 -74.62912581   9.42865613],[ 73.54121883 -59.7599782  -38.39457667],[ 78.00742775 -54.1791687   -9.67500135],[ 79.4590085  -27.69527038  -1.33056843]
sub-004,ses-3,run-02,[ 71.09191671 -75.55219929  10.0156068 ],[ 73.64586604 -60.3142454  -37.74498636],[ 78.18771065 -54.88897187  -9.25263848],[ 79.64732206 -28.33420162  -0.56884727]
sub-032,ses-4,run-01,[19.89182572 46.90216051 74.86776242],[ 42.83781971 -13.36735181  81.29815993],[48.73057711 22.99204021 68.7598671 ],[66.7434695  24.81066533 32.86793537]
sub-032,ses-4,run-02,[19.96125186 45.82547792 76.09784848],[ 43.89687627 -14.40011495  82.08664327],[48.34445841 22.75619476 70.74214096],[66.74777239 24.32348179 33.61116504]
sub-032,ses-2,run-01,[35.76409688 48.02836493 65.27780464],[ 46.83883516 -16.45735814  78.77684265],[56.31778522 16.43642482 62.36627177],[70.25194041 13.45984026 26.7942364 ]
sub-032,ses-2,run-02,[35.54725323 47.42575377 65.72888797],[ 47.36882274 -17.00182306  79.28406822],[56.31643839 15.90643416 62.82939019],[70.09317756 13.35280293 27.22615037]
sub-032,ses-1,run-01,[24.22255066 43.20889241 75.06066541],[ 40.83488021 -19.10728736  83.21967333],[50.21832325 14.03424803 70.18476702],[69.01543478 14.42863461 36.87730949]
sub-032,ses-1,run-02,[24.07637615 42.38430258 75.32000668],[ 40.93290781 -19.50760712  83.4277045 ],[50.01661569 13.45638105 70.54575592],[68.95494384 13.87471604 37.08744491]
sub-032,ses-3,run-01,[ 9.5938046  59.31571542 19.2039224 ],[29.57839693 58.16828747 58.40947223],[52.85450036 26.04306004 62.89046733],[68.90267344 18.58392756 31.79421826]
sub-002,ses-2,run-01,[-68.35484819 -56.38940005  29.56570044],[-59.81122727 -41.29073649  65.6585721 ],[-54.80794521  -2.99152703  68.82098415],[-38.33229671 -62.86144612  85.2407114 ]
sub-002,ses-2,run-02,[-68.05157968 -56.93894032  28.86881733],[-58.79991662 -41.44800975  64.91287383],[-54.33119529  -2.95858264  66.85556299],[-37.45585792 -63.08015638  84.26803833]
sub-002,ses-1,run-01,[-69.70178837 -19.68560723  45.45511872],[-66.74027187 -57.99866012  38.51675345],[-64.58609831 -72.70062007   2.90659219],[-47.63470531 -76.74240716  64.76637712]
sub-002,ses-1,run-02,[-69.12135367 -20.64164138  46.04631921],[-66.23449729 -58.53528831  38.98926422],[-64.01761753 -73.02609138   3.20898271],[-47.24860703 -77.37346003  65.01191593]
sub-002,ses-3,run-01,[-67.38576962 -58.27034091  32.17498683],[-60.8193777  -42.02868429  65.55877017],[-57.27853793  -3.02956454  66.90303172],[-36.09547495 -61.0712798   87.49046351]
sub-002,ses-3,run-02,[-67.28104113 -59.00792348  32.45146541],[-60.55431705 -43.40492223  66.22561713],[-56.92874573  -4.1568769   68.23898261],[-35.86020708 -62.59518125  87.37973439]
sub-020,ses-4,run-01,[ 69.57984672 -76.77802649  18.26841014],[ 72.02811185 -62.24103859 -32.88682719],[ 76.54416458 -57.3382395   -1.83632792],[ 80.70734514 -29.43243537   6.86427548]
sub-020,ses-4,run-02,[ 69.81537626 -77.97858302  18.41628684],[ 72.32690781 -62.82964586 -32.15733312],[ 76.75917573 -58.34162985  -1.50714696],[ 80.82564548 -30.38128093   7.41528175]
sub-020,ses-2,run-01,[ 74.04705384 -66.64811194  15.85303839],[ 72.80317412 -52.91553011 -42.97869654],[ 79.05542464 -44.93493096  -9.16572115],[ 79.90933136 -12.61935235  -0.3291222 ]
sub-020,ses-2,run-02,[ 74.12347948 -67.75818429  16.13738573],[ 72.9286601  -53.83300628 -42.32136483],[ 79.02653535 -45.79200932  -8.50429276],[ 79.77638171 -13.27782759   0.41034231]
sub-020,ses-3,run-01,[ 74.61115084 -65.43906336  11.40493211],[ 71.00664026 -56.50696914 -40.10035404],[ 78.15191607 -47.19676074 -11.0629025 ],[ 80.33961517 -19.30706527  -5.90952322]
sub-020,ses-3,run-02,[ 74.88484662 -66.11096758  12.0945083 ],[ 70.87960357 -57.1512856  -38.82269272],[ 78.21007658 -47.64547428  -9.88993675],[ 80.17959412 -19.83198852  -4.91332751]
sub-047,ses-4,run-01,[-78.14481475 -24.18615761  31.80701483],[-79.2178677  -60.57537915  19.36444961],[-74.51726343 -66.01490945 -19.90990374],[-62.69469998 -80.84125623  44.79804941]
sub-047,ses-4,run-02,[-79.02246786 -61.22710167  19.38492123],[-77.74177101 -24.73859396  32.33450368],[-74.36203538 -66.42228816 -19.62213055],[-62.99263701 -81.43939598  44.48160822]
sub-047,ses-2,run-01,[-76.86740257 -66.84958085   4.70957287],[-74.78945475 -57.44524495  37.86369366],[-72.14132712 -23.72361626  45.42509379],[-58.09708074 -76.50481571  56.83671689]
sub-047,ses-2,run-02,[-76.26015805 -67.43874027   4.78859435],[-73.97851012 -58.20888695  38.03325547],[-71.23691563 -24.35645095  45.32953189],[-57.30893813 -76.99353585  56.63300984]
sub-047,ses-1,run-01,[-75.72584879 -19.74373086  34.85943713],[-78.39243176 -57.39108182  28.85127349],[-76.19249923 -64.62607461 -10.68122667],[-59.58413896 -76.75953296  51.05236955]
sub-047,ses-1,run-02,[-75.593144   -20.61841789  34.75856038],[-78.47186016 -58.06711834  28.9164137 ],[-76.41397755 -65.50195033 -10.6339237 ],[-59.64802019 -77.49598607  50.87340452]
sub-047,ses-3,run-01,[-79.71518013 -37.5718607   35.22718875],[-73.65573911 -75.30233348  24.64662576],[-70.0352532  -77.61465351 -14.1668967 ],[-52.86613338 -88.96989335  44.64113452]
sub-047,ses-3,run-02,[-79.2657803  -38.11629447  35.6057049 ],[-73.83306545 -75.84471979  24.80701073],[-70.10841889 -77.90785697 -14.66336589],[-53.62369666 -89.25519822  43.59782904]
sub-001,ses-4,run-01,[ 62.99005884 -82.57511193  25.06015835],[ 68.90145899 -60.9683867  -25.76628223],[ 73.34931573 -63.9672798    6.24740313],[ 79.82046995 -38.99477877  15.80759149]
sub-001,ses-4,run-02,[ 64.29862416 -84.72207057  17.65624777],[ 67.79816551 -61.14482158 -31.59054844],[ 73.73460223 -64.92560806  -0.16216748],[ 79.99744664 -40.47125494  11.42358103]
sub-001,ses-2,run-01,[ 62.83993349 -82.11108354  10.11318403],[ 68.23528819 -56.80265332 -32.49096674],[ 73.14145428 -59.89268912  -3.79653188],[ 79.61771935 -36.57420478  10.24953529]
sub-001,ses-2,run-02,[ 62.71459954 -83.0849814    9.85610138],[ 68.96022973 -56.47372113 -33.95064512],[ 73.38317976 -60.94930503  -3.93547901],[ 79.52680297 -37.86094984  10.31428101]
sub-001,ses-1,run-01,[ 62.08438326 -74.66513246 -23.6758258 ],[ 65.69375241 -79.22156008  32.02806077],[ 74.03438235 -62.25661164   5.35981775],[ 80.21152827 -30.46279018   5.95557558]
sub-001,ses-1,run-02,[ 62.35384332 -75.31011973 -24.71719544],[ 65.64335464 -80.20021459  31.07104324],[ 74.31448888 -63.54090327   4.37660068],[ 80.6634211  -31.39190895   5.25464362]
sub-023,ses-4,run-01,[-69.45616987 -73.90034214  19.05709817],[-66.15900057 -58.67837807  54.63246071],[-66.58744269 -19.99776366  58.0280372 ],[-41.920396   -73.91301701  76.33992214]
sub-023,ses-4,run-02,[-69.36713645 -75.03261968  32.81239456],[-66.25602538 -60.80879865  69.30381302],[-65.91206043 -21.91478995  73.4256117 ],[-42.31815682 -75.91701462  91.14149884]
sub-023,ses-2,run-01,[-66.99405192 -75.83452879  22.77070353],[-63.10827071 -22.59665569  62.27761383],[-61.36783026 -61.71914557  58.87851011],[-36.82487783 -75.45291691  78.27562443]
sub-023,ses-2,run-02,[-65.96633471 -75.99638478  22.21302794],[-60.51756153 -22.26892212  60.70851843],[-59.32804126 -61.55714921  58.21304231],[-34.89516855 -75.12527123  76.33548245]
sub-023,ses-1,run-01,[-66.00098852 -73.59804408  35.37199418],[-60.21691167 -52.8541436   65.31259462],[-63.17363347 -14.54022371  61.85798442],[-31.96717822 -62.63883537  85.38013247]
sub-023,ses-1,run-02,[-65.4376654  -73.36061243  34.63847354],[-58.82361365 -52.51627451  64.36371293],[-61.7393776  -14.04167885  60.30358781],[-30.29559553 -61.91221415  83.96852018]
sub-023,ses-3,run-01,[-67.83658808 -73.3105693   25.0943571 ],[-62.82334342 -58.14150587  60.2615418 ],[-63.8631332  -19.01183819  61.24050387],[-38.33775375 -71.39585076  80.43129237]
sub-023,ses-3,run-02,[-67.10136363 -73.52538431  25.01206044],[-61.50381118 -58.66948149  60.32088674],[-61.7411668  -19.48596599  62.05536536],[-36.95129113 -72.08086585  79.93774034]
sub-049,ses-4,run-01,[-71.86763555 -49.78925051  36.99866544],[-68.37982981 -58.58315491  -0.51353416],[-67.53424415 -11.23691698  44.76330355],[-59.00220523 -73.25344587  62.74737395]
sub-049,ses-4,run-02,[-71.32286714 -50.39244114  36.84003725],[-67.96413953 -59.50804819  -0.10933077],[-66.78362697 -11.16632259  44.03876512],[-58.34374055 -73.52059425  62.15877065]
sub-049,ses-2,run-01,[-70.93876388 -49.46370994  49.92737985],[-65.7598645  -16.09039902  57.9073108 ],[-69.66128973 -61.16768272  16.46767688],[-55.41840383 -69.42617514  71.75980752]
sub-049,ses-3,run-01,[-68.27546904 -62.9215453   12.3580134 ],[-70.88218229 -49.75132438  48.37312552],[-65.10218287  -9.61057947  53.08170458],[-55.08648754 -67.66908881  73.10000327]
sub-049,ses-3,run-02,[-68.18858671 -63.6866409   12.64044486],[-70.78158286 -50.25160424  48.52042251],[-64.7812093  -10.09041198  53.64130185],[-55.25453959 -68.91668267  73.32248063]
sub-006,ses-4,run-01,[ 59.43101904 -89.09680255  25.43644333],[ 67.05404124 -65.12040966 -21.05261587],[ 70.83081489 -67.47259848   8.68968241],[ 76.62122155 -42.22838001  20.89714519]
sub-006,ses-4,run-02,[ 59.70466706 -90.10435884  25.28753805],[ 67.45551587 -66.04776119 -21.03661832],[ 71.52062005 -68.06840642   8.74395078],[ 76.88080301 -43.58272989  21.18434272]
sub-006,ses-2,run-01,[ 62.60150676 -85.03943993  24.77196636],[ 63.51619983 -69.03395051 -23.62318568],[ 71.49545724 -66.60494697   6.76877169],[ 76.97268498 -41.83470656  16.56293558]
sub-006,ses-2,run-02,[ 62.46649545 -85.530839    24.43415381],[ 63.50298431 -68.5946813  -23.20624468],[ 71.40604205 -66.90619192   6.75328034],[ 76.76135172 -42.13850828  16.4598054 ]
sub-006,ses-1,run-01,[ 57.43275681 -80.24324258 -20.76128472],[ 63.73246158 -82.11549307  31.21809374],[ 70.26301993 -67.94471032   1.49913692],[ 76.43530207 -36.64847017   0.49187259]
sub-006,ses-1,run-02,[ 56.77129848 -80.94042212 -22.43040432],[ 63.81873582 -82.85250179  30.90652088],[ 70.33845542 -68.53673621   1.66783653],[ 76.38576104 -36.93127026   0.58474244]
sub-006,ses-3,run-01,[ 63.20213293 -71.8919106  -21.08666756],[ 63.5507826  -83.14807176  28.01308212],[ 71.38439391 -65.75955061   6.27210465],[ 76.37565873 -38.32111113  12.7302828 ]
sub-006,ses-3,run-02,[ 62.70559032 -72.37240184 -20.84260379],[ 63.58216455 -83.69012779  28.20628734],[ 71.04941596 -66.12978962   6.69131286],[ 75.66073707 -38.6874304   12.97012513]
sub-028,ses-4,run-01,[28.99827773 63.57171306 56.28438795],[55.41024369  6.26075756 73.59643339],[56.09255885 36.37323574 50.79512185],[65.82553974 28.65034699 13.44622599]
sub-028,ses-4,run-02,[29.59622787 62.73416356 58.01140886],[55.85384167  5.67184794 74.8092115 ],[56.59487667 35.84943303 51.99374398],[66.31247988 28.26818906 14.28291591]
sub-028,ses-2,run-01,[32.72013894 59.08347918 58.8412927 ],[56.14216322  1.18253427 73.3134061 ],[57.09316371 32.19183231 51.3874449 ],[65.47939144 24.56700015 16.24808524]
sub-028,ses-2,run-02,[32.7003064  58.29009552 60.88330029],[56.35924872  0.65220062 74.30363233],[57.15811511 31.75760261 52.68492584],[65.18387248 24.66379916 17.20610104]
sub-028,ses-1,run-01,[26.02009596 61.52769869 62.28981524],[52.9698928  36.73309997 55.73988754],[53.1861674   3.70591053 76.87526141],[64.34663771 31.69590612 20.49384192]
sub-028,ses-1,run-02,[25.89997911 60.97550126 63.3340463 ],[52.93929365 36.34126787 56.42867952],[53.34083249  3.24185771 77.44165046],[64.52435315 31.29035148 21.02135701]
sub-038,ses-4,run-01,[16.89656117 73.82858248 45.2181664 ],[35.62408353 19.68547992 74.4063931 ],[43.2061988  51.62391846 51.24637808],[61.44134501 45.2989538  19.55303291]
sub-038,ses-4,run-02,[16.72954335 71.90366087 48.56253929],[35.21785362 17.58806422 76.26180131],[43.023229   49.96817051 53.74297007],[61.39412249 44.34190134 22.23605803]
sub-038,ses-2,run-01,[14.43894915 66.42751217 54.26365422],[41.67536707 14.88177301 74.84505813],[43.66505641 46.87678314 54.69722323],[61.48300735 43.72189333 21.41611341]
sub-038,ses-2,run-02,[12.72301892 65.7765004  55.04778959],[40.68025503 14.42094023 75.48348125],[41.91432139 46.42419195 55.37854978],[59.68886561 43.73561632 22.05110145]
sub-038,ses-1,run-01,[ 5.64725976 67.57877895 55.86597633],[29.63328631 14.76468425 78.01206164],[34.7357328  47.79411478 61.31825218],[59.0267391  43.81149346 31.50795312]
sub-038,ses-1,run-02,[ 5.7340268  66.3507201  57.25011902],[29.66762048 13.4091973  78.22391745],[34.91748335 46.73503811 62.43355642],[59.07911626 42.81631659 32.79396191]
sub-038,ses-3,run-01,[16.94755696 73.45924798 46.2828312 ],[35.99481769 17.76058544 74.41563352],[43.93390623 50.62794137 51.51475643],[61.62033452 45.8405783  20.16650763]
sub-038,ses-3,run-02,[16.11950129 72.21224347 49.35073993],[35.6563407  16.01012708 75.46947221],[43.6719157  49.63094777 53.57937847],[61.43900163 45.24539756 22.70681933]
