tag,network,dataset,loss,fold,seed,params,best_val,best_iter,test_dice,test_dice_sd,test_hd,test_iou,host
merged_ablation,UNKNOWN,?,dicefocal,single,?,"**7,751,240**",,,,,,,
paper_attention_unet,UNKNOWN,?,dicefocal,single,?,"23,625,986",0.6739,39500,0.7185,0.048,12.9206,0.5627,vision-01
a_unet_baseline_HGW_cv5f0_seed1001_a_baseline_dicece,a_baseline,HGW,dicece,0,1001,"7,751,240",0.7151,32500,0.6475,0.21,inf,0.5049,vision-06
a_unet_baseline_HGW_cv5f1_seed1001_a_baseline_dicece,a_baseline,HGW,dicece,1,1001,"7,751,240",0.7092,25000,0.5927,0.192,inf,0.441,vision-08
a_unet_baseline_HGW_cv5f2_seed1001_a_baseline_dicece,a_baseline,HGW,dicece,2,1001,"7,751,240",0.7183,41000,0.6684,0.0864,65.6088,0.508,vision-08
a_unet_baseline_HGW_cv5f3_seed1001_a_baseline_dicece,a_baseline,HGW,dicece,3,1001,"7,751,240",0.7086,26000,0.6479,0.2084,58.297,0.5059,vision-08
a_unet_baseline_HGW_cv5f4_seed1001_a_baseline_dicece,a_baseline,HGW,dicece,4,1001,"7,751,240",0.7107,50000,0.6602,0.0892,39.6818,0.4992,vision-08
a_unet_baseline_HGW_cv5f0_seed1001_a_baseline,a_baseline,HGW,dicefocal,0,1001,"7,751,240",0.7071,31000,0.4981,0.2763,inf,0.3732,vision-01
a_unet_baseline_HGW_cv5f1_seed1001_a_baseline,a_baseline,HGW,dicefocal,1,1001,"7,751,240",0.7092,48000,0.6461,0.183,48.1236,0.4975,vision-01
a_unet_baseline_HGW_cv5f2_seed1001_a_baseline,a_baseline,HGW,dicefocal,2,1001,"7,751,240",0.7117,25000,0.6642,0.0848,77.5062,0.5032,vision-01
a_unet_baseline_HGW_cv5f3_seed1001_a_baseline,a_baseline,HGW,dicefocal,3,1001,"7,751,240",0.7219,42500,0.7061,0.0829,68.4454,0.5518,vision-01
a_unet_baseline_HGW_cv5f4_seed1001_a_baseline,a_baseline,HGW,dicefocal,4,1001,"7,751,240",0.7137,49500,0.6707,0.0985,71.0934,0.5131,vision-01
b_proposed_no_attention_HGW_cv5f0_seed1001_b_no_attention_dicece,b_no_attention,HGW,dicece,0,1001,"7,912,874",0.7043,41500,0.6644,0.0975,51.1049,0.5047,vision-05
b_proposed_no_attention_HGW_cv5f1_seed1001_b_no_attention_dicece,b_no_attention,HGW,dicece,1,1001,"7,912,874",0.7032,38500,0.5957,0.2187,33.9195,0.4522,vision-05
b_proposed_no_attention_HGW_cv5f2_seed1001_b_no_attention_dicece,b_no_attention,HGW,dicece,2,1001,"7,912,874",0.7132,47000,0.6803,0.069,31.395,0.5196,vision-06
b_proposed_no_attention_HGW_cv5f3_seed1001_b_no_attention_dicece,b_no_attention,HGW,dicece,3,1001,"7,912,874",0.6995,48500,0.6432,0.2012,15.4639,0.498,vision-06
b_proposed_no_attention_HGW_cv5f4_seed1001_b_no_attention_dicece,b_no_attention,HGW,dicece,4,1001,"7,912,874",0.7097,48000,0.5616,0.2255,35.6035,0.4195,vision-06
b_proposed_no_attention_HGW_cv5f0_seed1001_b_no_attention,b_no_attention,HGW,dicefocal,0,1001,"7,912,874",0.7124,41500,0.6679,0.1297,25.8236,0.5137,vision-01
b_proposed_no_attention_HGW_cv5f1_seed1001_b_no_attention,b_no_attention,HGW,dicefocal,1,1001,"7,912,874",0.7043,39500,0.6606,0.067,46.4019,0.497,vision-01
b_proposed_no_attention_HGW_cv5f2_seed1001_b_no_attention,b_no_attention,HGW,dicefocal,2,1001,"7,912,874",0.706,33500,0.6644,0.0743,28.1711,0.5021,vision-01
b_proposed_no_attention_HGW_cv5f3_seed1001_b_no_attention,b_no_attention,HGW,dicefocal,3,1001,"7,912,874",0.7069,33500,0.6528,0.1328,18.6135,0.4964,vision-05
b_proposed_no_attention_HGW_cv5f4_seed1001_b_no_attention,b_no_attention,HGW,dicefocal,4,1001,"7,912,874",0.7068,32500,0.6487,0.1001,33.926,0.4873,vision-05
paper_attention_unet_HGW_cv5f0_seed1001_c_increased,c_increased,HGW,dicefocal,0,1001,"53,150,586",0.0284,4000,,,,,vision-01
paper_attention_unet_HGW_cv5f1_seed1001_c_increased,c_increased,HGW,dicefocal,1,1001,"53,150,586",0.0065,2500,,,,,vision-01
attention_unet_reduced_HGW_cv5f0_seed1001_c_reduced_dicece,c_reduced,HGW,dicece,0,1001,"5,909,130",0.6891,40500,0.5619,0.2156,inf,0.4176,vision-01
attention_unet_reduced_HGW_cv5f1_seed1001_c_reduced_dicece,c_reduced,HGW,dicece,1,1001,"5,909,130",0.6426,47500,0.621,0.2057,21.9067,0.4749,vision-07
attention_unet_reduced_HGW_cv5f2_seed1001_c_reduced_dicece,c_reduced,HGW,dicece,2,1001,"5,909,130",0.6963,49500,0.6492,0.0925,43.5482,0.4874,vision-07
attention_unet_reduced_HGW_cv5f3_seed1001_c_reduced_dicece,c_reduced,HGW,dicece,3,1001,"5,909,130",0.7019,49500,0.6948,0.0423,42.8119,0.5339,vision-07
attention_unet_reduced_HGW_cv5f4_seed1001_c_reduced_dicece,c_reduced,HGW,dicece,4,1001,"5,909,130",0.6746,31000,0.5374,0.1535,73.4126,0.3822,vision-07
attention_unet_reduced_HGW_cv5f0_seed1001_c_reduced,c_reduced,HGW,dicefocal,0,1001,"5,909,130",0.6676,49000,0.6238,0.2124,33.9212,0.4802,vision-05
attention_unet_reduced_HGW_cv5f1_seed1001_c_reduced,c_reduced,HGW,dicefocal,1,1001,"5,909,130",0.6367,49500,0.6462,0.0774,19.367,0.482,vision-05
attention_unet_reduced_HGW_cv5f2_seed1001_c_reduced,c_reduced,HGW,dicefocal,2,1001,"5,909,130",0.679,49500,0.5539,0.2768,73.2442,0.4255,vision-08
attention_unet_reduced_HGW_cv5f3_seed1001_c_reduced,c_reduced,HGW,dicefocal,3,1001,"5,909,130",0.0013,1000,,,,,vision-08
attention_unet_reduced_HGW_cv5f4_seed1001_c_reduced,c_reduced,HGW,dicefocal,4,1001,"5,909,130",0.6725,44000,0.4574,0.2307,inf,0.3241,vision-08
paper_attention_unet_HGW_cv5f0_seed1001_d_increased_dicece,d_increased,HGW,dicece,0,1001,"53,150,586",0.7007,48500,0.6651,0.1603,38.7912,0.5162,vision-03
paper_attention_unet_HGW_cv5f1_seed1001_d_increased_dicece,d_increased,HGW,dicece,1,1001,"53,150,586",0.702,49000,0.6312,0.1165,25.308,0.4705,vision-03
paper_attention_unet_HGW_cv5f2_seed1001_d_increased_dicece,d_increased,HGW,dicece,2,1001,"53,150,586",0.7,47500,0.6406,0.1617,20.553,0.4878,vision-03
paper_attention_unet_HGW_cv5f3_seed1001_d_increased_dicece,d_increased,HGW,dicece,3,1001,"53,150,586",0.694,31500,0.6844,0.0689,35.5056,0.5241,vision-03
paper_attention_unet_HGW_cv5f4_seed1001_d_increased_dicece,d_increased,HGW,dicece,4,1001,"53,150,586",0.7158,49000,0.5894,0.2173,34.1869,0.4451,vision-01
paper_attention_unet_HGW_cv5f0_seed1001_d_increased,d_increased,HGW,dicefocal,0,1001,"53,150,586",0.6957,49000,0.5157,0.2849,inf,0.3919,vision-08
paper_attention_unet_HGW_cv5f1_seed1001_d_increased,d_increased,HGW,dicefocal,1,1001,"53,150,586",0.6984,37500,0.5724,0.2029,inf,0.4241,vision-03
paper_attention_unet_HGW_cv5f2_seed1001_d_increased,d_increased,HGW,dicefocal,2,1001,"53,150,586",0.6973,49000,0.5304,0.2821,55.5026,0.4051,vision-03
paper_attention_unet_HGW_cv5f3_seed1001_d_increased,d_increased,HGW,dicefocal,3,1001,"53,150,586",0.7046,48000,0.6916,0.0505,42.6911,0.5307,vision-03
paper_attention_unet_HGW_cv5f4_seed1001_d_increased,d_increased,HGW,dicefocal,4,1001,"53,150,586",0.7002,49500,0.6629,0.0875,38.493,0.5019,vision-03
paper_attention_unet_HGW_cv5f0_seed1001_proposed_dicece,proposed,HGW,dicece,0,1001,"23,625,986",0.7038,49500,0.664,0.0899,35.7672,0.5035,vision-01
paper_attention_unet_HGW_cv5f1_seed1001_proposed_dicece,proposed,HGW,dicece,1,1001,"23,625,986",0.6939,47000,0.6452,0.1511,39.0376,0.4916,vision-01
paper_attention_unet_HGW_cv5f2_seed1001_proposed_dicece,proposed,HGW,dicece,2,1001,"23,625,986",0.7172,49000,0.5498,0.2468,inf,0.4137,vision-01
paper_attention_unet_HGW_cv5f3_seed1001_proposed_dicece,proposed,HGW,dicece,3,1001,"23,625,986",0.7111,50000,0.691,0.0694,26.8891,0.5322,vision-05
paper_attention_unet_HGW_cv5f4_seed1001_proposed_dicece,proposed,HGW,dicece,4,1001,"23,625,986",0.7023,42500,0.6335,0.1299,36.0216,0.4757,vision-05
paper_attention_unet_HGW_cv5f0_seed1001_proposed,proposed,HGW,dicefocal,0,1001,"23,625,986",0.6935,48000,0.6435,0.1744,32.0634,0.4949,vision-07
paper_attention_unet_HGW_cv5f1_seed1001_proposed,proposed,HGW,dicefocal,1,1001,"23,625,986",0.6286,49000,0.6617,0.0634,41.7423,0.4978,vision-07
paper_attention_unet_HGW_cv5f2_seed1001_proposed,proposed,HGW,dicefocal,2,1001,"23,625,986",0.6691,40500,0.5624,0.2483,24.0899,0.4258,vision-07
paper_attention_unet_HGW_cv5f3_seed1001_proposed,proposed,HGW,dicefocal,3,1001,"23,625,986",0.6848,49500,0.6085,0.2072,65.5184,0.4641,vision-07
paper_attention_unet_HGW_cv5f4_seed1001_proposed,proposed,HGW,dicefocal,4,1001,"23,625,986",0.6538,40500,0.5925,0.2113,53.9695,0.4462,vision-06
paper_attention_unet_HGW_seed1001_proposed,proposed,HGW,dicefocal,single,1001,"23,625,986",0.6183,37000,0.565,0.2186,40.478,0.419,vision-06
paper_attention_unet_RU_seed1001_proposed,proposed,RU,dicefocal,single,1001,"23,625,986",0.6116,33000,0.6111,0.2263,43.4513,0.4698,vision-06
